Id,Lenguaje,N,Tiempo_segundos
1,cpp,500,0.8033638000488281
2,cpp,500,0.2968883514404297
3,cpp,500,0.45224785804748535
4,cpp,500,0.40428924560546875
5,cpp,500,0.29061055183410645
6,cpp,1000,3.412513494491577
