Id,Lenguaje,N,Tiempo_segundos
1,cpp,500,0.5092899799346924
2,cpp,500,0.42868685722351074
3,cpp,500,0.37432861328125
4,cpp,500,0.35021138191223145
5,cpp,500,0.46186232566833496
6,cpp,1000,4.4208409786224365
7,cpp,1000,4.227863311767578
8,cpp,1000,4.021423578262329
9,cpp,1000,4.05953049659729
10,cpp,1000,3.901087999343872
11,cpp,2000,88.39756989479065
12,cpp,2000,96.49539875984192
13,cpp,2000,95.24795055389404
